"","name","value"
"1","A",16.5620648821676
"2","A",8.67427471651824
"3","A",12.7159702961604
"4","A",7.9283002604057
"5","A",7.61876552692211
"6","A",6.05698581074879
"7","A",7.02691366270244
"8","A",18.2545373366834
"9","A",9.7298593745728
"10","A",10.5962261821379
"11","A",11.2184371479955
"12","A",16.1623793924267
"13","A",7.4196808452761
"14","A",5.03746424803981
"15","A",18.3784846620159
"16","A",7.79418391547357
"17","A",6.38467015030063
"18","A",3.81863440558354
"19","A",3.57642138841102
"20","A",7.13013260351007
"21","A",13.0899290858326
"22","A",15.5492406946486
"23","A",13.5379417691779
"24","A",8.18171351452374
"25","A",10.298749686923
"26","A",6.47701768159965
"27","A",6.41390919212995
"28","A",14.4232524948846
"29","A",4.92203710698228
"30","A",19.7764698274623
"31","A",9.54840203017074
"32","A",11.0726941331461
"33","A",6.30736147630213
"34","A",7.12805655118365
"35","A",3.41491933847379
"36","A",9.08537305813636
"37","A",12.0949120246223
"38","A",11.6215217208069
"39","A",6.09231756472624
"40","A",6.05689014572999
"41","A",7.4890064082857
"42","A",17.4803033492318
"43","A",4.31348189667128
"44","A",9.10474202809901
"45","A",19.5118091083946
"46","A",9.49512557335596
"47","A",3.20079648089303
"48","A",6.67615282362969
"49","A",12.4272998945244
"50","A",8.12198564165113
"51","A",7.19061818225109
"52","A",8.2804138293577
"53","A",10.4524832356961
"54","A",17.9925438557291
"55","A",9.55717443930558
"56","A",15.4039974807576
"57","A",13.1537705782528
"58","A",9.4318005224693
"59","A",2.33548998554701
"60","A",7.3944134122374
"61","A",7.55064773430763
"62","A",10.2357721638076
"63","A",16.5009933883341
"64","A",21.4653948691555
"65","A",17.7379052949188
"66","A",9.33424517835528
"67","A",1.21736302221181
"68","A",8.05610067964128
"69","A",10.4460361153665
"70","A",14.2250650203372
"71","A",14.8126398424214
"72","A",13.4215471470823
"73","A",3.02362825100266
"74","A",14.2482152281668
"75","A",7.76721391786389
"76","A",10.8740135008063
"77","A",10.3727558858687
"78","A",12.1408338248525
"79","A",10.1233749141307
"80","A",1.66262451207169
"81","A",13.6824798238672
"82","A",11.9301328417484
"83","A",8.67174187360889
"84","A",10.5907225552334
"85","A",10.6701932268423
"86","A",11.105097342805
"87","A",18.2042308298874
"88","A",8.90474810533262
"89","A",10.8403269194233
"90","A",15.8419193653455
"91","A",15.2709051168846
"92","A",15.7263155519018
"93","A",7.11265999470222
"94","A",20.0124136514641
"95","A",10.3335043546509
"96","A",19.3342592235343
"97","A",3.24548656984644
"98","A",10.1049179317712
"99","A",16.2495728548461
"100","A",6.42378906388602
"101","A",6.23655515891129
"102","A",5.30730648196553
"103","A",4.73743360330632
"104","A",7.81420233409801
"105","A",11.6558958647949
"106","A",-0.0710524896036002
"107","A",11.0599021668615
"108","A",16.1833752320829
"109","A",20.1878700912022
"110","A",16.5058799610029
"111","A",13.7838738189798
"112","A",1.36634800442835
"113","A",6.99246645996609
"114","A",8.23976771708692
"115","A",13.5176195137845
"116","A",9.47164332998113
"117","A",3.70675685969914
"118","A",18.4221785404706
"119","A",14.5569564589798
"120","A",11.1871513624551
"121","A",16.0905430516291
"122","A",3.30612856382514
"123","A",13.304101488949
"124","A",7.38543811843289
"125","A",13.4187276092536
"126","A",9.69589022669963
"127","A",13.1648035651573
"128","A",16.677588075297
"129","A",10.0364504515845
"130","A",15.0877931847605
"131","A",4.05782982426011
"132","A",6.39197779781992
"133","A",17.5960885569409
"134","A",11.8869398651196
"135","A",-0.26111410216865
"136","A",3.17981273958812
"137","A",8.99609492205439
"138","A",14.3288970216724
"139","A",9.49058372142389
"140","A",13.1209373601033
"141","A",14.7950268889391
"142","A",18.3552741443147
"143","A",10.2800836663748
"144","A",9.74009046909551
"145","A",1.23381320428865
"146","A",10.4966379704391
"147","A",7.14074971052218
"148","A",5.12995208597954
"149","A",9.1004688447623
"150","A",15.0747158637183
"151","A",0.0362575565570875
"152","A",7.86360356397286
"153","A",10.5831864179135
"154","A",5.53396214972523
"155","A",11.6695147124961
"156","A",12.0571496030787
"157","A",9.83481920362004
"158","A",-2.32949096880014
"159","A",22.8572907293332
"160","A",8.973503712659
"161","A",13.2559664079384
"162","A",11.3688324551827
"163","A",15.1233661740918
"164","A",14.0882972318704
"165","A",8.95103414385746
"166","A",11.8908388610425
"167","A",5.27295584438054
"168","A",14.2846150544966
"169","A",7.69480830557823
"170","A",22.0838667689411
"171","A",1.74475552155906
"172","A",7.68006378516993
"173","A",14.1268993137962
"174","A",12.5506627343933
"175","A",7.052594807425
"176","A",5.01609628896239
"177","A",10.7223785235535
"178","A",9.92846293416543
"179","A",1.0485938136797
"180","A",10.1727553356693
"181","A",10.9511515784623
"182","A",10.8736319849092
"183","A",4.72491478698659
"184","A",12.3806663915131
"185","A",16.8928506847962
"186","A",12.2811820158991
"187","A",4.32205764812828
"188","A",7.82177265154047
"189","A",11.730518097768
"190","A",6.76477184340865
"191","A",-0.788231675076386
"192","A",14.421254100141
"193","A",5.85261194187741
"194","A",7.13219864615859
"195","A",17.5195030450227
"196","A",6.12927535197298
"197","A",14.2286577009465
"198","A",3.69658560590612
"199","A",8.22728798463011
"200","A",9.63221990431761
"201","A",4.15674287787822
"202","A",6.82625867545545
"203","A",9.85579223535843
"204","A",13.3534798436697
"205","A",1.74726728287445
"206","A",8.25122880394366
"207","A",13.7820321927274
"208","A",7.30595420011204
"209","A",11.1364596083647
"210","A",12.4611428503222
"211","A",11.3391750766584
"212","A",13.2662883973569
"213","A",9.3864566951131
"214","A",7.9316174320394
"215","A",-3.21574476014489
"216","A",9.53529490760264
"217","A",12.1514234817999
"218","A",12.6769942043407
"219","A",7.22360824343374
"220","A",18.8975145488757
"221","A",11.4321220981441
"222","A",10.6315792922944
"223","A",16.3613338973426
"224","A",6.4076688934037
"225","A",7.74830688037644
"226","A",21.9872624002488
"227","A",10.0556459361044
"228","A",18.1678421070415
"229","A",2.80746677542739
"230","A",9.04741598978549
"231","A",11.8921195181842
"232","A",11.500192726029
"233","A",4.97181870244582
"234","A",10.0962963731269
"235","A",4.61289673444009
"236","A",13.5635166262214
"237","A",15.4238754493032
"238","A",-1.12493848243706
"239","A",16.1784673115007
"240","A",3.79477751595754
"241","A",12.2738463449132
"242","A",13.299513190713
"243","A",9.00055085949283
"244","A",6.77443021570104
"245","A",10.8266051062103
"246","A",12.1940935035723
"247","A",14.4165140997435
"248","A",-0.261684919509763
"249","A",1.81810365970488
"250","A",17.1520117059409
"251","A",15.2331442355577
"252","A",12.1764447445384
"253","A",13.5758920355553
"254","A",14.585874588205
"255","A",-3.3046139923284
"256","A",15.5513854831941
"257","A",7.57506201718838
"258","A",11.153084153156
"259","A",8.52421099558211
"260","A",14.3598247703937
"261","A",8.25763775522195
"262","A",12.5925188294412
"263","A",8.0465751068051
"264","A",4.53606395449247
"265","A",16.0500525522013
"266","A",13.7045000563714
"267","A",18.6213111957823
"268","A",10.3257696628965
"269","A",15.6250137291409
"270","A",19.8770952700954
"271","A",8.59258942480517
"272","A",3.38524443622392
"273","A",8.80324216430942
"274","A",8.92979380007308
"275","A",10.7584025225466
"276","A",18.5615248865964
"277","A",8.36928053747326
"278","A",11.8650232790246
"279","A",8.86157967552234
"280","A",10.1022535426252
"281","A",11.5702883175313
"282","A",16.6410734801849
"283","A",10.6065918874539
"284","A",13.5642116001556
"285","A",13.8943001489177
"286","A",14.5738663542782
"287","A",7.12802723907808
"288","A",18.1344060709734
"289","A",8.09521630352993
"290","A",9.47107916175124
"291","A",17.0202513385709
"292","A",16.4704195307279
"293","A",4.55004063794381
"294","A",5.63464499791268
"295","A",3.20960470314693
"296","A",10.9092359630992
"297","A",10.8242043395923
"298","A",11.8205734367753
"299","A",12.7607885710928
"300","A",6.99053577007492
"301","A",5.03150704450643
"302","A",15.1339252803745
"303","A",13.7553065130316
"304","A",2.45416731335649
"305","A",9.52426274575357
"306","A",5.52026088621751
"307","A",-0.353755352709818
"308","A",10.7506006559407
"309","A",9.60394145370706
"310","A",9.5131536624346
"311","A",11.0807627090062
"312","A",14.4123258219829
"313","A",11.0279875224169
"314","A",6.91782078563236
"315","A",6.32600374039359
"316","A",9.3409860347941
"317","A",11.5500849328948
"318","A",4.80159823648979
"319","A",9.07845565578808
"320","A",14.8363363008396
"321","A",9.45859954382757
"322","A",6.50789666202805
"323","A",8.6202741578723
"324","A",15.5732427268099
"325","A",12.7502198060707
"326","A",16.183379000408
"327","A",10.6954892858089
"328","A",12.0513754824521
"329","A",7.20771543825934
"330","A",13.0268533446517
"331","A",7.4683322890538
"332","A",2.89717247652128
"333","A",10.6399648284206
"334","A",19.7292560886572
"335","A",14.0045716978653
"336","A",15.8262669497313
"337","A",11.7942786154658
"338","A",6.95721410841888
"339","A",8.98879572444858
"340","A",8.63375946594037
"341","A",7.65650110108956
"342","A",13.5208364196486
"343","A",4.01318248817294
"344","A",14.3318306605639
"345","A",14.3207624311295
"346","A",4.00688820465626
"347","A",13.1974599895027
"348","A",22.1511332617225
"349","A",7.21392259029196
"350","A",14.2245212070404
"351","A",6.08899077190298
"352","A",15.553557091014
"353","A",11.2491235996328
"354","A",18.2595769581158
"355","A",2.70514635731542
"356","A",9.74351056937319
"357","A",7.36537411937201
"358","A",9.0136756546185
"359","A",6.85210628656997
"360","A",5.830782097325
"361","A",12.8936118730822
"362","A",4.56209642961536
"363","A",17.4201546577814
"364","A",4.06896707343125
"365","A",10.5053957569764
"366","A",12.6649464341324
"367","A",12.9336766954631
"368","A",8.4912666806681
"369","A",10.397509976642
"370","A",14.8063207590484
"371","A",2.71767041461787
"372","A",6.09130144233959
"373","A",11.6020115715831
"374","A",7.77609010831504
"375","A",16.850019969855
"376","A",13.3662693167742
"377","A",10.3608337620738
"378","A",2.4612134123166
"379","A",10.1305011266312
"380","A",8.41792065901504
"381","A",9.48826743239701
"382","A",4.09220386472157
"383","A",12.4932902191496
"384","A",4.80521779846483
"385","A",8.86889009278795
"386","A",11.9071291472568
"387","A",6.08242105493476
"388","A",12.9149570284003
"389","A",3.41744799174154
"390","A",-4.04887339480271
"391","A",12.3248399539293
"392","A",14.202699134805
"393","A",8.57077288204308
"394","A",12.520631272958
"395","A",4.22041737458164
"396","A",9.36425696587169
"397","A",0.29240811979691
"398","A",15.9059044571926
"399","A",19.2995543077158
"400","A",15.3700613014099
"401","A",9.86326516793129
"402","A",9.8333482886204
"403","A",2.4196618842445
"404","A",13.9519267194411
"405","A",8.94632909654112
"406","A",6.71628537319462
"407","A",2.93987103670846
"408","A",8.50118751676864
"409","A",5.75469432491646
"410","A",8.01484739836082
"411","A",3.91200006118201
"412","A",18.4379474147285
"413","A",9.91998736396016
"414","A",15.3747253863619
"415","A",-3.00849835128826
"416","A",7.73401085002581
"417","A",6.62258854203964
"418","A",3.88536910317043
"419","A",17.7330457711205
"420","A",2.92359040115255
"421","A",11.5919513020401
"422","A",14.2321814278985
"423","A",10.8909509420901
"424","A",5.62372261252242
"425","A",14.7058290336208
"426","A",10.8529404092042
"427","A",4.68251046808978
"428","A",3.05975476198969
"429","A",20.4335871724657
"430","A",6.60748427290781
"431","A",0.722141730409799
"432","A",12.6662968137683
"433","A",11.5511512803045
"434","A",3.23082832138701
"435","A",0.28521793209025
"436","A",9.41848741420697
"437","A",15.6969814585471
"438","A",13.1806201759107
"439","A",7.53531287919011
"440","A",5.82905884207811
"441","A",11.3553337837527
"442","A",10.7867667360808
"443","A",13.1485587334636
"444","A",8.02101024855552
"445","A",14.4967702660155
"446","A",5.84594236331876
"447","A",8.34727649940018
"448","A",13.7040726186295
"449","A",14.9498580431356
"450","A",0.307476492733104
"451","A",10.5359520350808
"452","A",13.0438950586731
"453","A",2.74587843254684
"454","A",12.4031279993761
"455","A",5.85912864801602
"456","A",15.1012650608221
"457","A",12.6924101605132
"458","A",13.845261474978
"459","A",10.6035966464352
"460","A",14.3182421707888
"461","A",16.9025726415727
"462","A",19.8312400772782
"463","A",9.85802472625467
"464","A",-1.24525545166202
"465","A",10.15763002297
"466","A",11.0278060422499
"467","A",9.22327326427801
"468","A",12.8414431038854
"469","A",15.0533898225713
"470","A",7.41008784916089
"471","A",8.52952336421945
"472","A",11.9892110440017
"473","A",7.24888129255431
"474","A",10.4563369174412
"475","A",0.19146200557349
"476","A",4.40050139301188
"477","A",3.36122262197937
"478","A",5.73188151636379
"479","A",6.53347736034667
"480","A",11.9115257127318
"481","A",14.9105650126132
"482","A",6.36308235456232
"483","A",5.01580508810998
"484","A",4.79155570505245
"485","A",7.92705636818163
"486","A",8.80485465923718
"487","A",12.4180876691913
"488","A",8.39337578915805
"489","A",-0.392446344300115
"490","A",9.54282862224931
"491","A",15.9359340532578
"492","A",15.9580063425516
"493","A",6.05518390944385
"494","A",2.26111728181215
"495","A",22.2903024593264
"496","A",9.1878902876029
"497","A",9.51274374947191
"498","A",12.1028709434907
"499","A",1.9298027169044
"500","A",6.35890444404356
"501","B",11.45955759471
"502","B",12.3069053859894
"503","B",13.1188494330046
"504","B",11.6352905420131
"505","B",13.5899826793673
"506","B",13.2893440288173
"507","B",12.0957849743794
"508","B",13.2263249423811
"509","B",13.7480811624938
"510","B",14.0610952532617
"511","B",12.7871517213535
"512","B",12.906363206089
"513","B",12.9132858650181
"514","B",14.441461756055
"515","B",14.125071892278
"516","B",13.834401567757
"517","B",12.7126592001593
"518","B",13.3732414341664
"519","B",13.4032903312207
"520","B",11.9583267057107
"521","B",11.2716954846793
"522","B",13.6418300276516
"523","B",11.4706894688196
"524","B",13.0016836884842
"525","B",13.2502478213483
"526","B",13.5638673903059
"527","B",13.1894262375148
"528","B",12.2671461937029
"529","B",13.9863658598955
"530","B",14.7386337669062
"531","B",13.8811788089254
"532","B",11.056349098676
"533","B",14.3995761854029
"534","B",12.9439440538137
"535","B",13.5249142793193
"536","B",13.6220332358711
"537","B",12.9033139267933
"538","B",12.9247368023513
"539","B",14.0191570693309
"540","B",13.7116019224862
"541","B",13.9902622460442
"542","B",15.3829266952303
"543","B",13.6644158636941
"544","B",13.2073811573853
"545","B",10.7893668894244
"546","B",15.6917140032461
"547","B",12.5173231782037
"548","B",15.3747347150954
"549","B",13.374643568005
"550","B",14.5384301988968
"551","B",12.8902896788238
"552","B",13.5114707546981
"553","B",13.2139579796423
"554","B",12.8138793006265
"555","B",12.8796061753775
"556","B",14.0128343358443
"557","B",12.7985418530285
"558","B",10.9623175055592
"559","B",12.8041107511702
"560","B",13.5397906055363
"561","B",13.6164557163514
"562","B",13.6165678174774
"563","B",11.3078984791309
"564","B",13.3687420580112
"565","B",13.9678592099471
"566","B",14.2765786814677
"567","B",12.7750387289559
"568","B",12.6781074138172
"569","B",14.487837831878
"570","B",11.3320719542207
"571","B",12.5631700230869
"572","B",13.4574620793575
"573","B",11.3822262346188
"574","B",13.2796278624318
"575","B",14.8778640210522
"576","B",12.9959393465637
"577","B",12.7215459750364
"578","B",13.4749117140341
"579","B",12.7209278292127
"580","B",13.8134003740791
"581","B",13.9044354644497
"582","B",13.0026916612301
"583","B",11.8233078422503
"584","B",11.6817792725409
"585","B",12.4070026343447
"586","B",13.7973805005498
"587","B",11.0417948253431
"588","B",11.1136748412675
"589","B",12.3462201752399
"590","B",13.3943948479806
"591","B",12.086433951835
"592","B",13.8867490370961
"593","B",13.3333699701552
"594","B",12.8293603817614
"595","B",13.8188281365318
"596","B",13.3883651628194
"597","B",12.5540649727878
"598","B",13.2311149344182
"599","B",13.6475133579776
"600","B",13.356283344862
"601","B",12.3419897920505
"602","B",13.8552022050642
"603","B",14.1529362255586
"604","B",13.2762745565433
"605","B",13.1441046624622
"606","B",12.9243749192202
"607","B",15.1614158463028
"608","B",13.2763155321358
"609","B",12.8417059713001
"610","B",10.4920821978027
"611","B",11.4347182349695
"612","B",12.9223267993894
"613","B",13.2062940448431
"614","B",13.2768724588616
"615","B",13.8215067804486
"616","B",12.8058475906795
"617","B",14.2145887944826
"618","B",12.0784839571304
"619","B",11.7915572795569
"620","B",11.7710138224462
"621","B",13.7422970241865
"622","B",12.9170800576608
"623","B",13.7898179218205
"624","B",12.7322935784429
"625","B",12.4081078977872
"626","B",12.6316474248735
"627","B",11.1473831757583
"628","B",11.8303847395859
"629","B",11.5579653536415
"630","B",14.0543222719753
"631","B",12.4026699086372
"632","B",13.7894598527902
"633","B",14.516490601692
"634","B",12.8082251908901
"635","B",13.2838789063524
"636","B",11.2489324806039
"637","B",12.1813302224802
"638","B",13.0562148493828
"639","B",13.2990869033362
"640","B",12.2406018827011
"641","B",15.6848589992268
"642","B",12.5416098609076
"643","B",13.06424355663
"644","B",13.6497918671535
"645","B",12.973981365226
"646","B",12.3564326129729
"647","B",14.0453056639633
"648","B",14.6155453232072
"649","B",12.9703060289502
"650","B",13.5622673454031
"651","B",12.9025875014974
"652","B",14.0164552177022
"653","B",11.8438326057401
"654","B",15.3208602239945
"655","B",12.3964687522117
"656","B",11.5411505855619
"657","B",12.6490821728069
"658","B",13.146708484145
"659","B",14.6236212076802
"660","B",13.9112096767713
"661","B",13.1424584320458
"662","B",11.6105164760118
"663","B",12.1339622553279
"664","B",12.8367150677707
"665","B",15.5530261134606
"666","B",11.1397724257816
"667","B",14.131054651846
"668","B",12.4727657427661
"669","B",14.6659908999874
"670","B",11.8607993600266
"671","B",13.1436232346627
"672","B",11.9004490582972
"673","B",13.9035164263617
"674","B",14.4837794887381
"675","B",14.9507210064012
"676","B",13.7976006575895
"677","B",14.8432662545778
"678","B",14.2464239086616
"679","B",12.868125088176
"680","B",13.4770372382847
"681","B",12.0280057885241
"682","B",12.814797830599
"683","B",14.2209637083488
"684","B",13.5412841434824
"685","B",13.4573573316253
"686","B",11.9618689603128
"687","B",12.3954867696659
"688","B",12.2353939862464
"689","B",13.3952958700135
"690","B",12.0094923695334
"691","B",13.5620413900991
"692","B",11.8835835880665
"693","B",14.8285304581354
"694","B",13.4605913494781
"695","B",12.2989963877467
"696","B",13.2410459325012
"697","B",12.647546800772
"698","B",13.3711479597597
"699","B",13.2435327187603
"700","B",11.9858858273385
"701","B",12.2086861211805
"702","B",13.2995936847396
"703","B",14.6390519087516
"704","B",14.0846170086709
"705","B",12.3754325263819
"706","B",13.8259229016475
"707","B",12.9514316472437
"708","B",13.3013136517184
"709","B",13.2603614907366
"710","B",15.5754497637234
"711","B",11.8147111894128
"712","B",13.1009198590129
"713","B",11.2200227120324
"714","B",13.5898359229588
"715","B",14.0966084717214
"716","B",14.4456622411012
"717","B",11.0748547481629
"718","B",13.412769497194
"719","B",14.5933699513837
"720","B",12.5859841369577
"721","B",12.7878494679181
"722","B",12.9634627777953
"723","B",13.365018751433
"724","B",13.665159875746
"725","B",14.3178208837115
"726","B",12.904512409555
"727","B",13.1962780454725
"728","B",15.4879978772215
"729","B",13.431098928115
"730","B",13.1887531093298
"731","B",11.6577568747166
"732","B",13.0028560476222
"733","B",12.7786738468331
"734","B",12.9889541701906
"735","B",12.4245823587288
"736","B",12.3131843475573
"737","B",12.2792263681799
"738","B",12.7854954846002
"739","B",14.3681326480286
"740","B",14.0490866265593
"741","B",12.6400248820569
"742","B",11.3140835454613
"743","B",12.155416571464
"744","B",12.5422394667595
"745","B",13.1036380042283
"746","B",12.3373927242992
"747","B",15.0066806908319
"748","B",12.7277324655816
"749","B",11.7860555297605
"750","B",12.8587382427175
"751","B",11.9946224184066
"752","B",13.1561557072753
"753","B",13.2336336140899
"754","B",13.3555876116284
"755","B",11.3781417408758
"756","B",13.2207112909706
"757","B",13.3104500805416
"758","B",11.5788915524955
"759","B",13.9553656397304
"760","B",13.7841708790943
"761","B",15.2996193611544
"762","B",13.1567029873757
"763","B",13.046733527518
"764","B",13.0965858340824
"765","B",13.0697662309003
"766","B",11.1515272246623
"767","B",11.3288729413578
"768","B",12.9224610332088
"769","B",12.4189326194335
"770","B",13.0547365250574
"771","B",10.8887916267395
"772","B",11.5013017454732
"773","B",11.8985165610613
"774","B",13.9860582210602
"775","B",11.9015099929099
"776","B",12.2004860464235
"777","B",13.0798738186741
"778","B",12.6772536381749
"779","B",13.146417178668
"780","B",15.3050619820457
"781","B",11.8753963287418
"782","B",12.6945303600902
"783","B",12.4832405502563
"784","B",14.5123954268325
"785","B",12.2305150771097
"786","B",12.9179130962243
"787","B",13.7871336143227
"788","B",11.9414094640516
"789","B",14.655175815742
"790","B",13.6757624154742
"791","B",11.9257933904696
"792","B",13.4545778090577
"793","B",12.7866928567669
"794","B",13.3132287719943
"795","B",12.9100248029843
"796","B",14.0705160367783
"797","B",11.6488996142967
"798","B",12.4773833028041
"799","B",12.7508093222446
"800","B",12.0042012751487
"801","B",11.9600449562338
"802","B",12.9820197594233
"803","B",12.8678248671433
"804","B",10.4506572252496
"805","B",14.0405734557194
"806","B",13.2497257359852
"807","B",15.4162073731483
"808","B",13.6851982380511
"809","B",12.553040691038
"810","B",15.7973911469581
"811","B",15.8322260239155
"812","B",11.7812881837098
"813","B",13.4690319559554
"814","B",12.7887530813678
"815","B",13.187051146554
"816","B",13.2275427285688
"817","B",11.7380995371309
"818","B",13.2855895802426
"819","B",14.7492473631418
"820","B",12.8359099958652
"821","B",12.8370732893015
"822","B",14.3985720063375
"823","B",13.8983962406829
"824","B",11.3515051816187
"825","B",13.2285569732622
"826","B",14.6535472346777
"827","B",14.4152763499191
"828","B",13.4199516038142
"829","B",13.7212208071129
"830","B",11.8030647878113
"831","B",13.3001315668814
"832","B",12.0455510648122
"833","B",12.5419819319031
"834","B",13.9356036837796
"835","B",11.8631068883089
"836","B",13.2669182508731
"837","B",13.4283320394715
"838","B",13.0549119698396
"839","B",14.8221888218354
"840","B",11.9776526714247
"841","B",13.6061302614356
"842","B",12.9110694325493
"843","B",12.7391677561661
"844","B",13.4640912338524
"845","B",11.9795994093161
"846","B",11.6865490834816
"847","B",12.5055191245166
"848","B",14.7517571497554
"849","B",13.0557647746125
"850","B",13.3314343982279
"851","B",12.8101533623225
"852","B",13.4704927319538
"853","B",12.0483204569829
"854","B",14.1579104665686
"855","B",13.5847052602414
"856","B",12.1935471773083
"857","B",13.054553245812
"858","B",13.7163316194991
"859","B",13.5577309820546
"860","B",14.4819340158769
"861","B",12.3870122451051
"862","B",14.1161366154904
"863","B",14.0365480099412
"864","B",12.8375168680971
"865","B",12.0240733071781
"866","B",11.9108548091155
"867","B",13.457786957945
"868","B",12.9288732662791
"869","B",14.7791026668515
"870","B",13.5351379604962
"871","B",12.6280551248365
"872","B",11.9744577515029
"873","B",12.4175983253947
"874","B",13.3428883928973
"875","B",12.5490653529433
"876","B",13.5142301202307
"877","B",12.6656619478302
"878","B",12.8944400912055
"879","B",12.2694903271922
"880","B",14.9050435849087
"881","B",13.3326217314704
"882","B",13.2306336404995
"883","B",11.3081375851159
"884","B",13.6597918995493
"885","B",11.9763764111203
"886","B",12.1084784256457
"887","B",13.9183411710216
"888","B",12.5472993534918
"889","B",11.2516277199968
"890","B",14.7699041098894
"891","B",10.6225930746075
"892","B",13.5728115298596
"893","B",14.0172492490846
"894","B",12.3690321333395
"895","B",13.4442870514116
"896","B",13.4391303883886
"897","B",14.0406231529145
"898","B",13.4840993879525
"899","B",12.7551162209075
"900","B",13.9159920579402
"901","B",13.8006223565098
"902","B",12.0634309658642
"903","B",11.5992125660043
"904","B",13.1602775399932
"905","B",12.7260376252248
"906","B",12.0144608874377
"907","B",13.083930679515
"908","B",11.6800034735131
"909","B",13.1612263513262
"910","B",12.3750716124581
"911","B",13.9571642741925
"912","B",15.4244891411615
"913","B",12.0840207563132
"914","B",14.057664170943
"915","B",13.8251497277683
"916","B",12.9298057756946
"917","B",12.546353625943
"918","B",14.5753077068375
"919","B",10.9945421817638
"920","B",12.3568052084063
"921","B",11.5631565563422
"922","B",14.3953134389461
"923","B",12.8092965673551
"924","B",12.4753288005303
"925","B",16.1840444740663
"926","B",12.9499627321124
"927","B",12.5562506881335
"928","B",13.2998652501361
"929","B",11.431575379245
"930","B",13.4903026426721
"931","B",12.90383679892
"932","B",13.4685251225301
"933","B",12.0176293640621
"934","B",11.9770161578521
"935","B",12.3065853367238
"936","B",12.2320104269072
"937","B",14.2990499666836
"938","B",14.5791455618081
"939","B",12.8431080469609
"940","B",12.6410634394153
"941","B",12.6709611695783
"942","B",13.069236477853
"943","B",13.0969042337011
"944","B",13.2900343877656
"945","B",12.2533210589537
"946","B",12.1531036111797
"947","B",14.1970776637461
"948","B",12.4513726388967
"949","B",13.3030456952255
"950","B",12.9430294661967
"951","B",12.0421506078493
"952","B",13.5910619094115
"953","B",13.173104873493
"954","B",14.3997833562125
"955","B",13.117459584627
"956","B",12.6684542417991
"957","B",13.2782949133054
"958","B",11.8144083509647
"959","B",12.1641059466064
"960","B",13.5102732511394
"961","B",12.6668790987761
"962","B",12.9340390536475
"963","B",12.8847782905781
"964","B",12.3494873812255
"965","B",10.9813113409176
"966","B",13.3488349701766
"967","B",13.7616395076469
"968","B",11.7112837646499
"969","B",14.4824027184586
"970","B",13.3851548236872
"971","B",14.3416402949939
"972","B",12.0428295287577
"973","B",13.1667812883543
"974","B",12.8999860410612
"975","B",13.7685074318818
"976","B",12.4241404320873
"977","B",12.9899023280475
"978","B",11.2213408512561
"979","B",12.2223785571295
"980","B",13.1250338836651
"981","B",12.2936785076118
"982","B",12.9564305141885
"983","B",12.5320740260748
"984","B",13.6069301361615
"985","B",14.1684883087496
"986","B",12.1774985871925
"987","B",12.6929634414053
"988","B",14.4397612583697
"989","B",10.8010767458163
"990","B",12.6801622082593
"991","B",15.0647042841433
"992","B",15.1935900690643
"993","B",13.1565953233501
"994","B",12.1363910493864
"995","B",13.1654574194904
"996","B",12.347225604053
"997","B",14.4528172822915
"998","B",12.193517344297
"999","B",13.3729115952087
"1000","B",13.6198500745687
"1001","B",17.2424898393042
"1002","B",18.8515246815062
"1003","B",17.2520700290837
"1004","B",18.630239829654
"1005","B",19.0966616331036
"1006","B",17.0115570776168
"1007","B",19.1079950409796
"1008","B",17.5104671287876
"1009","B",18.294353388437
"1010","B",18.2018374722888
"1011","B",17.5728036136618
"1012","B",18.2681028699978
"1013","B",16.7695690745762
"1014","B",17.863863127815
"1015","B",18.8257908316652
"1016","B",15.8258753507707
"1017","B",16.5120738126417
"1018","B",16.838062442403
"1019","B",16.4109103058546
"1020","B",18.4195830392964
"1021","B",17.007071650244
"1022","B",15.835452914671
"1023","B",17.3624312349196
"1024","B",17.6093647485252
"1025","B",18.8567854737781
"1026","B",16.8962478640012
"1027","B",19.1612892557387
"1028","B",18.3983627156286
"1029","B",18.3623521576355
"1030","B",17.1474743296855
"1031","B",19.953667879898
"1032","B",17.8357291679028
"1033","B",16.1751024158217
"1034","B",17.7961435286075
"1035","B",16.0655559292679
"1036","B",17.6894898842133
"1037","B",17.5777729968104
"1038","B",18.6818296904034
"1039","B",19.0094961857375
"1040","B",17.2738950350988
"1041","B",18.806108868375
"1042","B",19.4243231096688
"1043","B",17.2158559951574
"1044","B",17.3475956335007
"1045","B",18.6507783631537
"1046","B",18.1830479699439
"1047","B",18.5487749604443
"1048","B",19.4046842945476
"1049","B",18.3870831195764
"1050","B",19.0517012701754
"1051","B",18.6229054623372
"1052","B",18.4336203898089
"1053","B",18.3860844381844
"1054","B",19.2913233044581
"1055","B",16.9977401262893
"1056","B",16.8948172708425
"1057","B",18.5919460033972
"1058","B",17.8803103358669
"1059","B",18.074005211685
"1060","B",18.7412773771714
"1061","B",18.7532950478491
"1062","B",17.7373294966382
"1063","B",17.6874561310029
"1064","B",18.0735986090079
"1065","B",19.0630177892947
"1066","B",18.426020486679
"1067","B",19.4330075108232
"1068","B",17.99236312958
"1069","B",19.1256676052208
"1070","B",18.8830023110172
"1071","B",18.6120834609001
"1072","B",18.4147007067785
"1073","B",17.7201176028575
"1074","B",17.8909624908308
"1075","B",18.2293954957085
"1076","B",18.0488888906793
"1077","B",18.9432244683862
"1078","B",17.8906828768136
"1079","B",17.9296230784122
"1080","B",17.5156809124343
"1081","B",17.8616636714567
"1082","B",17.9312343576962
"1083","B",15.6862642261006
"1084","B",16.6351683027857
"1085","B",17.927513090048
"1086","B",17.7347162251355
"1087","B",16.7991306717926
"1088","B",16.008461823957
"1089","B",17.6456307800866
"1090","B",18.6534957656943
"1091","B",19.7732386319276
"1092","B",17.9615432062907
"1093","B",19.4931848406277
"1094","B",18.083022157636
"1095","B",18.1155321042596
"1096","B",18.3248253133487
"1097","B",17.1294227547391
"1098","B",17.9482817871051
"1099","B",18.9084476987923
"1100","B",17.2502742131478
"1101","B",17.678393930112
"1102","B",16.8522292495407
"1103","B",18.3543521964494
"1104","B",18.424799782389
"1105","B",18.6483473512241
"1106","B",16.7801899684831
"1107","B",18.1072350347548
"1108","B",17.0559423083502
"1109","B",17.999615351284
"1110","B",19.3426239200061
"1111","B",17.4964747130657
"1112","B",18.7166833209388
"1113","B",17.2503314159163
"1114","B",17.5214717895497
"1115","B",18.4387217505866
"1116","B",17.3208877295421
"1117","B",16.2970351648546
"1118","B",19.2651684352133
"1119","B",18.3603572378798
"1120","B",17.4163605594399
"1121","B",16.0059212126694
"1122","B",19.9022097713993
"1123","B",21.3903708212715
"1124","B",18.2074804073555
"1125","B",18.8498066475112
"1126","B",19.2245603120742
"1127","B",17.2981955664614
"1128","B",17.6488037704435
"1129","B",16.2728789633548
"1130","B",17.2634217677281
"1131","B",18.6224097828861
"1132","B",17.7092840107591
"1133","B",17.7857884658169
"1134","B",17.8874404484975
"1135","B",16.1363330175044
"1136","B",18.8376299342317
"1137","B",16.5565071110646
"1138","B",17.7914298375844
"1139","B",17.5614365379412
"1140","B",17.7814061831438
"1141","B",19.4599659447358
"1142","B",17.4179400820846
"1143","B",17.2169024042881
"1144","B",16.4803460050562
"1145","B",17.1943019183887
"1146","B",16.8338152926323
"1147","B",18.4079461962483
"1148","B",17.1369957539921
"1149","B",18.3040420350281
"1150","B",17.8535725121521
"1151","B",16.5664378200892
"1152","B",17.2093922142773
"1153","B",18.8851124550577
"1154","B",18.9030760859546
"1155","B",20.0055732743006
"1156","B",17.9964196916002
"1157","B",16.5041731860179
"1158","B",17.2315829729848
"1159","B",18.4084885048401
"1160","B",19.9001363348947
"1161","B",18.1100091234397
"1162","B",19.1403868251285
"1163","B",18.7680813046923
"1164","B",16.8319083778827
"1165","B",17.8288873477351
"1166","B",19.3052615363477
"1167","B",18.8760961095959
"1168","B",18.4637961415678
"1169","B",18.4771142453769
"1170","B",17.5085946997906
"1171","B",16.6806146866558
"1172","B",19.2954257908313
"1173","B",16.5797805083331
"1174","B",17.0611040802942
"1175","B",18.6289649925198
"1176","B",16.7378054506104
"1177","B",17.4481295867272
"1178","B",16.8172004932175
"1179","B",18.6206635577289
"1180","B",18.4463130166381
"1181","B",18.4218846932737
"1182","B",18.4424647721456
"1183","B",18.5572457463789
"1184","B",18.6393564919705
"1185","B",16.0313384433258
"1186","B",17.8511836386401
"1187","B",18.1124638125519
"1188","B",18.7246762026478
"1189","B",16.8125139239947
"1190","B",17.5003998101841
"1191","B",16.9263570092488
"1192","B",19.0572402127097
"1193","B",19.2790725832093
"1194","B",18.7876767253592
"1195","B",16.777596617423
"1196","B",18.4519521167367
"1197","B",19.1504491863809
"1198","B",18.1679409807365
"1199","B",17.433890667104
"1200","B",16.9138817593887
"1201","B",17.3346972044398
"1202","B",18.7148483559493
"1203","B",17.5683388996181
"1204","B",18.2276149399401
"1205","B",19.2949457956703
"1206","B",18.5783349404695
"1207","B",19.3646727814735
"1208","B",16.2984201973396
"1209","B",17.7193237202862
"1210","B",18.0650680194922
"1211","B",18.5785892916085
"1212","B",16.830793378471
"1213","B",18.8061848554473
"1214","B",18.3073900761623
"1215","B",18.2638060136047
"1216","B",18.508484791605
"1217","B",17.883641560123
"1218","B",18.9255460984991
"1219","B",18.6482297737315
"1220","B",17.8497906258323
"1221","B",19.0403770193407
"1222","B",18.2925586849462
"1223","B",18.6687513994395
"1224","B",17.4058223583758
"1225","B",19.5804318369859
"1226","B",17.99601105565
"1227","B",18.8478427688935
"1228","B",17.8998834741073
"1229","B",17.7203700930194
"1230","B",18.78443824528
"1231","B",16.4153833554088
"1232","B",18.478366147794
"1233","B",18.3935663729948
"1234","B",15.3046706308755
"1235","B",18.3683773285333
"1236","B",15.831582252653
"1237","B",18.6598043768927
"1238","B",17.5460862666188
"1239","B",17.3050631747651
"1240","B",17.9931536968273
"1241","B",19.373052044984
"1242","B",17.3646769227821
"1243","B",18.5581032939488
"1244","B",18.3411578684219
"1245","B",16.8204813708584
"1246","B",16.258977982666
"1247","B",16.0074142287609
"1248","B",18.5512742114679
"1249","B",17.9652579384687
"1250","B",19.8505717036106
"1251","B",18.573675108263
"1252","B",18.8496958910826
"1253","B",19.334383585335
"1254","B",17.499280902035
"1255","B",18.5100979282285
"1256","B",18.8687932702442
"1257","B",19.369351688003
"1258","B",18.7626511463264
"1259","B",18.4211471730373
"1260","B",17.1317759527288
"1261","B",18.7295603609577
"1262","B",18.5002658724183
"1263","B",18.6342502537069
"1264","B",18.4236450455723
"1265","B",17.79816195529
"1266","B",17.923134101566
"1267","B",18.6873641132815
"1268","B",18.1716315069245
"1269","B",17.169891425673
"1270","B",17.7098408801943
"1271","B",16.6808742758235
"1272","B",17.0329680973311
"1273","B",17.8553889298645
"1274","B",16.2018674436251
"1275","B",16.3114575254084
"1276","B",19.1025651994361
"1277","B",17.4233810757886
"1278","B",16.1483082704485
"1279","B",17.887136760571
"1280","B",19.3210692672215
"1281","B",18.6622542969346
"1282","B",18.4413831983536
"1283","B",19.1837459122798
"1284","B",17.2284985588991
"1285","B",18.729689191352
"1286","B",17.4129143842211
"1287","B",18.0007641863625
"1288","B",20.2144653193401
"1289","B",18.9694343957093
"1290","B",18.7680077137172
"1291","B",16.8916720881818
"1292","B",17.2137640800053
"1293","B",20.2841164802616
"1294","B",16.9066992360267
"1295","B",18.2144793752851
"1296","B",18.8925710596371
"1297","B",19.0187579723423
"1298","B",19.0891120109192
"1299","B",17.8368710101148
"1300","B",17.17901330288
"1301","B",17.6927427670114
"1302","B",17.0979019914605
"1303","B",18.627068743115
"1304","B",19.1203550284261
"1305","B",20.1272135524935
"1306","B",18.3661143829317
"1307","B",17.1252186228063
"1308","B",19.0244748629932
"1309","B",18.9047588936953
"1310","B",17.7617513040972
"1311","B",16.4421450961277
"1312","B",18.7613098953939
"1313","B",19.1291443956416
"1314","B",17.7048921692941
"1315","B",18.536242818358
"1316","B",17.7241095252495
"1317","B",18.6823152451375
"1318","B",17.8827092852852
"1319","B",17.6553241360799
"1320","B",18.1116204981972
"1321","B",17.7165946850177
"1322","B",17.4089828355457
"1323","B",17.6840630687576
"1324","B",17.9918478476745
"1325","B",18.2074951407185
"1326","B",19.5324236216258
"1327","B",16.6420021690465
"1328","B",17.8003809494471
"1329","B",18.6315231277808
"1330","B",19.7620209034429
"1331","B",18.4260143626155
"1332","B",17.9862465835246
"1333","B",17.6924430904036
"1334","B",18.4143081641083
"1335","B",18.9890579201964
"1336","B",17.8161416894539
"1337","B",18.1637614068466
"1338","B",18.2169363441444
"1339","B",18.7292776342097
"1340","B",19.1113804070247
"1341","B",18.2791608169396
"1342","B",17.9238293284528
"1343","B",19.3946631322086
"1344","B",18.1645341176056
"1345","B",19.5778519787935
"1346","B",17.9380773423804
"1347","B",18.6139229641937
"1348","B",16.4539114057548
"1349","B",17.8876080386626
"1350","B",17.9782054600391
"1351","B",17.2416545825835
"1352","B",16.9641071155777
"1353","B",18.9481593025518
"1354","B",18.9141587339277
"1355","B",16.7012680051535
"1356","B",18.4243787949343
"1357","B",16.8874546800449
"1358","B",16.9489267738184
"1359","B",18.5254124482664
"1360","B",17.3139759999069
"1361","B",18.9934799821222
"1362","B",18.0385235990753
"1363","B",18.5361489757857
"1364","B",17.4763733021138
"1365","B",16.8487786650564
"1366","B",18.9147522410028
"1367","B",18.2380714915627
"1368","B",17.7609322405453
"1369","B",18.0692353265457
"1370","B",19.3259083425992
"1371","B",17.3018333653799
"1372","B",17.2505915555368
"1373","B",17.3803849472926
"1374","B",16.4150087317901
"1375","B",18.8196281375037
"1376","B",18.1923696467442
"1377","B",18.2071719742179
"1378","B",17.9566526456523
"1379","B",17.4898395585759
"1380","B",17.1765813862238
"1381","B",18.8518564032927
"1382","B",16.5738153270798
"1383","B",18.4402989419654
"1384","B",17.2073883492423
"1385","B",18.2823102145455
"1386","B",17.2593094778098
"1387","B",17.476658317316
"1388","B",19.769365917027
"1389","B",18.6682826189335
"1390","B",15.8551029757243
"1391","B",18.1264124161003
"1392","B",17.5481870637428
"1393","B",16.8633738122223
"1394","B",18.2097858904312
"1395","B",18.1299655160194
"1396","B",17.6714934274319
"1397","B",19.9727035673375
"1398","B",15.7513099331834
"1399","B",18.8382193872785
"1400","B",17.7109767295374
"1401","B",18.6565134105794
"1402","B",17.5460022993613
"1403","B",17.4061354375549
"1404","B",16.2896203336054
"1405","B",17.7905515717273
"1406","B",20.4787458013571
"1407","B",18.9897022081294
"1408","B",19.6755721558268
"1409","B",18.914965318314
"1410","B",19.1442627079619
"1411","B",18.9028764144991
"1412","B",18.4753924317651
"1413","B",17.417471226003
"1414","B",17.4670652626765
"1415","B",16.3991600036247
"1416","B",17.99418228612
"1417","B",18.8993556758567
"1418","B",19.0319225565261
"1419","B",18.0951327044554
"1420","B",17.4523723827781
"1421","B",21.2905174433185
"1422","B",18.7366855312504
"1423","B",19.4205753048791
"1424","B",17.6623193593327
"1425","B",17.9620423729454
"1426","B",18.4486070977067
"1427","B",19.6765223119483
"1428","B",17.6885254545439
"1429","B",18.8536156667831
"1430","B",15.9051853656798
"1431","B",17.4927455659184
"1432","B",16.7079909232367
"1433","B",19.1133627173571
"1434","B",17.8355469117197
"1435","B",17.6096259179933
"1436","B",19.3690998461986
"1437","B",19.11627285824
"1438","B",17.1019787965325
"1439","B",18.4278664876096
"1440","B",16.7715554314878
"1441","B",17.5243849757888
"1442","B",19.6165776371469
"1443","B",19.4501279513304
"1444","B",19.1090187554668
"1445","B",17.4290961136697
"1446","B",16.1185685297244
"1447","B",16.8243018159758
"1448","B",18.9525565246275
"1449","B",17.7094321138349
"1450","B",15.837391854432
"1451","B",17.8198125122835
"1452","B",19.4102392211246
"1453","B",18.6434686405195
"1454","B",17.1787414564706
"1455","B",16.454083347935
"1456","B",17.1734527743632
"1457","B",18.0345276713215
"1458","B",18.8880737009121
"1459","B",16.0600598452097
"1460","B",19.0232017552741
"1461","B",18.005457726588
"1462","B",18.5697789696058
"1463","B",16.3467444367651
"1464","B",17.3333456198778
"1465","B",17.5517658107345
"1466","B",19.043891348309
"1467","B",19.0281740473954
"1468","B",18.4350904592483
"1469","B",19.6042121816239
"1470","B",17.4845888002546
"1471","B",19.0125371937739
"1472","B",17.9640599702093
"1473","B",17.3326579038236
"1474","B",18.9233800383308
"1475","B",19.3811003308495
"1476","B",18.8782504161848
"1477","B",17.4905965445777
"1478","B",17.5302123658449
"1479","B",19.377675846806
"1480","B",18.3528264064177
"1481","B",18.8295739793211
"1482","B",17.6612980163357
"1483","B",19.2610349364647
"1484","B",17.1912448550378
"1485","B",18.6253515208666
"1486","B",17.1828250344319
"1487","B",15.5374249834142
"1488","B",16.6570424893203
"1489","B",18.1362951992102
"1490","B",18.8829227496258
"1491","B",16.2486979169052
"1492","B",16.7485755310805
"1493","B",19.7645459965755
"1494","B",17.5661006501767
"1495","B",18.5057001319306
"1496","B",17.4730646786227
"1497","B",17.7014171148485
"1498","B",18.0872442066052
"1499","B",18.010961842799
"1500","B",17.8074397889579
"1501","C",23.120814059425
"1502","C",12.8085564408051
"1503","C",32.4746220013348
"1504","C",32.1616968329721
"1505","C",20.5956730331231
"1506","C",24.3275699115601
"1507","C",30.50110121885
"1508","C",28.9931600922088
"1509","C",30.1064064749831
"1510","C",20.7130123273608
"1511","C",35.3090723847919
"1512","C",20.4661601609187
"1513","C",28.0156653675331
"1514","C",25.5651039217828
"1515","C",23.3851587281519
"1516","C",23.4823368072759
"1517","C",21.034412749876
"1518","C",31.4906391830272
"1519","C",25.358052911051
"1520","C",26.0368717968575
"1521","D",12.209632833061
"1522","D",11.6248292469391
"1523","D",10.865978755245
"1524","D",12.253726309684
"1525","D",9.90636055004107
"1526","D",10.5814330571644
"1527","D",10.9236033050616
"1528","D",10.9213211373276
"1529","D",12.1071888165671
"1530","D",13.5984875483247
"1531","D",10.484675855935
"1532","D",12.4336760205966
"1533","D",12.899544753321
"1534","D",11.0104677977111
"1535","D",11.9472005984775
"1536","D",12.8236109026221
"1537","D",11.7444908974526
"1538","D",11.7793156527488
"1539","D",12.3077267912106
"1540","D",11.9399867466667
"1541","D",11.4443471100608
"1542","D",11.8613849805391
"1543","D",13.8828397923865
"1544","D",12.873668679606
"1545","D",11.0854029271724
"1546","D",10.7550823776687
"1547","D",11.6400177593174
"1548","D",13.328774700948
"1549","D",12.292679118417
"1550","D",11.2984947631593
"1551","D",12.882234567818
"1552","D",11.8666296112771
"1553","D",10.8793215007086
"1554","D",12.4611924542118
"1555","D",13.5241428101788
"1556","D",12.4344682981328
"1557","D",12.1920003711389
"1558","D",11.3437568715829
"1559","D",12.5683985308695
"1560","D",10.9294294651096
"1561","D",10.3468509755191
"1562","D",11.9566472315062
"1563","D",11.965406494201
"1564","D",14.3650555320028
"1565","D",10.7836526921081
"1566","D",12.170906323349
"1567","D",12.8050530936222
"1568","D",13.0505928441159
"1569","D",11.9892755153407
"1570","D",11.2567438585707
"1571","D",11.93421594813
"1572","D",13.9397559919372
"1573","D",12.4827390081758
"1574","D",9.95552292744193
"1575","D",13.4234591286502
"1576","D",12.5405026609151
"1577","D",11.9664282281625
"1578","D",11.9821363788899
"1579","D",11.8502102802066
"1580","D",12.2565594809553
"1581","D",11.496133066963
"1582","D",12.27701125166
"1583","D",11.0686439751793
"1584","D",12.2001468752748
"1585","D",13.1068374206664
"1586","D",12.5092061136538
"1587","D",13.0337496764511
"1588","D",10.9091312381974
"1589","D",12.0547927844726
"1590","D",12.6172503027221
"1591","D",10.9319951322667
"1592","D",13.5658143370585
"1593","D",10.9651919890147
"1594","D",12.1645187085058
"1595","D",12.1518323303551
"1596","D",12.1216703019669
"1597","D",11.7895754163565
"1598","D",12.4499367871462
"1599","D",10.9688355081025
"1600","D",10.7106358117768
"1601","D",11.3454313618868
"1602","D",11.9426758961522
"1603","D",13.256747820357
"1604","D",13.5874541398645
"1605","D",12.3194814625447
"1606","D",12.3815916226931
"1607","D",11.7563551163606
"1608","D",12.048053084053
"1609","D",10.5954541388982
"1610","D",12.2899337288958
"1611","D",11.4644464177063
"1612","D",12.3346787731005
"1613","D",11.6540186608455
"1614","D",11.3383842651636
"1615","D",11.780888623198
"1616","D",11.6330950893663
"1617","D",13.0945782078424
"1618","D",12.2092080824371
"1619","D",12.4324914261532
"1620","D",10.7591464141992
